{"type": "metrics", "dataset": "train", "precision": 0.6417704011065007, "balanced_accuracy": 0.6233614837768153, "recall": 0.2946031746031746, "f1_score": 0.40382941688424717}
{"type": "metrics", "dataset": "test", "precision": 0.6229674796747967, "balanced_accuracy": 0.6345814796940733, "recall": 0.3216159496327387, "f1_score": 0.42422145328719724}
{"type": "cm_matrix", "dataset": "train", "true_0": {"predicted_0": 15451, "predicted_1": 777}, "true_1": {"predicted_0": 3333, "predicted_1": 1392}}
{"type": "cm_matrix", "dataset": "test", "true_0": {"predicted_0": 6702, "predicted_1": 371}, "true_1": {"predicted_0": 1293, "predicted_1": 613}}
{"type": "cm_matrix", "dataset": "train", "true_0": {"predicted_0": 15451, "predicted_1": 777}, "true_1": {"predicted_0": 3333, "predicted_1": 1392}}
{"type": "cm_matrix", "dataset": "test", "true_0": {"predicted_0": 6702, "predicted_1": 371}, "true_1": {"predicted_0": 1293, "predicted_1": 613}}
