{"type": "metrics", "dataset": "train", "precision": 0.7025189924030388, "balanced_accuracy": 0.6630025835547158, "recall": 0.3718518518518519, "f1_score": 0.48629947412122887}
{"type": "metrics", "dataset": "test", "precision": 0.6846011131725418, "balanced_accuracy": 0.6695640976303335, "recall": 0.38719832109129065, "f1_score": 0.49463806970509383}
{"type": "cm_matrix", "dataset": "train", "true_0": {"predicted_0": 15484, "predicted_1": 744}, "true_1": {"predicted_0": 2968, "predicted_1": 1757}}
{"type": "cm_matrix", "dataset": "test", "true_0": {"predicted_0": 6733, "predicted_1": 340}, "true_1": {"predicted_0": 1168, "predicted_1": 738}}
